id,visited1,visited2,observed_lt1,observed_re1,observed_lt2,observed_re2,observed_1,observed_2,x,y
1,1,1,1,1,1,-5,1,1,475409,9879074
2,0,1,-5,-5,0,-5,-5,0,475409,9873074
3,1,1,1,-5,1,-5,1,1,475409,9885074
4,0,1,-5,-5,0,-5,-5,0,496409,9879074
5,1,1,1,-5,0,-5,1,0,496409,9873074
6,1,1,1,-5,1,-5,1,1,496409,9867074
7,0,1,-5,-5,0,-5,-5,0,496409,9861074
8,1,1,0,-5,0,-5,0,0,489409,9867074
9,1,1,0,-5,1,-5,0,1,489409,9879074
10,1,1,1,-5,1,-5,1,1,489409,9873074
11,1,1,1,-5,1,-5,1,1,482409,9879074
12,1,1,1,-5,1,-5,1,1,482409,9873074
13,1,1,0,-5,0,-5,0,0,482409,9867074
14,1,1,1,0,0,-5,1,0,510409,9873074
15,0,1,-5,0,1,-5,0,1,510409,9867074
16,0,1,-5,-5,1,-5,-5,1,510409,9861074
17,0,0,-5,-5,-5,-5,-5,-5,503409,9879074
18,1,1,1,-5,1,-5,1,1,503409,9873074
19,1,1,1,-5,1,-5,1,1,503409,9867074
20,1,1,1,0,1,-5,1,1,503409,9861074
21,0,0,-5,-5,-5,-5,-5,-5,468409,9885074
22,0,0,-5,-5,-5,-5,-5,-5,496409,9885074
23,0,0,-5,-5,-5,-5,-5,-5,489409,9885074
24,0,0,-5,-5,-5,-5,-5,-5,510409,9879074
25,1,0,-5,1,-5,-5,1,-5,531409,9645074
26,1,0,-5,1,-5,-5,1,-5,524409,9645074
27,1,0,-5,0,-5,-5,0,-5,517409,9645074
28,1,0,-5,1,-5,-5,1,-5,545409,9645074
29,1,0,-5,1,-5,-5,1,-5,538409,9645074
30,0,0,-5,-5,-5,-5,-5,-5,503409,9645074
31,0,0,-5,-5,-5,-5,-5,-5,566409,9657074
32,0,0,-5,-5,-5,-5,-5,-5,559409,9651074
33,0,0,-5,-5,-5,-5,-5,-5,587409,9681074
34,0,0,-5,-5,-5,-5,-5,-5,580409,9675074
35,0,0,-5,-5,-5,-5,-5,-5,580409,9669074
36,1,1,1,1,0,0,1,0,531409,9711074
37,1,1,0,1,0,1,1,1,531409,9705074
38,1,1,-5,1,0,0,1,0,531409,9723074
39,1,1,-5,1,1,1,1,1,531409,9717074
40,1,1,0,1,0,0,1,0,531409,9687074
41,1,1,1,1,1,1,1,1,531409,9681074
42,1,1,0,1,1,0,1,1,531409,9699074
43,1,1,0,1,1,0,1,1,531409,9693074
44,1,1,1,1,0,1,1,1,531409,9663074
45,1,1,1,1,1,1,1,1,531409,9657074
46,1,1,1,1,1,0,1,1,531409,9675074
47,1,1,1,1,0,0,1,0,531409,9669074
48,1,1,-5,1,1,1,1,1,531409,9651074
49,1,1,-5,1,0,0,1,0,524409,9651074
50,0,1,-5,-5,0,-5,-5,0,524409,9735074
51,0,1,-5,-5,1,1,-5,1,524409,9729074
52,1,1,1,1,0,0,1,0,524409,9711074
53,1,1,1,1,0,0,1,0,524409,9705074
54,0,1,-5,-5,0,0,-5,0,524409,9723074
55,1,1,-5,1,-5,0,1,0,524409,9717074
56,1,1,1,1,0,0,1,0,524409,9687074
57,1,1,1,1,1,1,1,1,524409,9681074
58,1,0,1,1,-5,-5,1,-5,524409,9699074
59,1,1,1,1,0,0,1,0,524409,9693074
60,1,1,1,1,1,0,1,1,524409,9663074
61,1,1,1,1,0,1,1,1,524409,9657074
62,1,1,1,1,1,1,1,1,524409,9675074
63,1,1,0,1,0,0,1,0,524409,9669074
64,1,1,0,1,0,1,1,1,517409,9663074
65,1,1,0,0,0,0,0,0,517409,9657074
66,1,1,1,1,1,1,1,1,517409,9675074
67,1,1,1,1,1,1,1,1,517409,9669074
68,1,0,-5,0,-5,-5,0,-5,517409,9651074
69,0,1,-5,-5,0,1,-5,1,517409,9729074
70,1,0,1,1,-5,-5,1,-5,517409,9711074
71,1,1,1,1,0,0,1,0,517409,9705074
72,0,1,-5,-5,1,0,-5,1,517409,9723074
73,1,1,-5,1,0,1,1,1,517409,9717074
74,1,1,1,1,1,1,1,1,517409,9687074
75,1,1,1,1,1,1,1,1,517409,9681074
76,1,1,1,1,1,0,1,1,517409,9699074
77,1,1,0,1,0,0,1,0,517409,9693074
78,0,1,-5,-5,0,1,-5,1,552409,9651074
79,0,1,-5,-5,1,1,-5,1,552409,9711074
80,0,1,-5,-5,0,1,-5,1,552409,9705074
81,0,1,-5,-5,0,0,-5,0,552409,9717074
82,0,1,-5,-5,-5,0,-5,0,552409,9687074
83,0,1,-5,-5,0,1,-5,1,552409,9681074
84,0,1,-5,-5,0,0,-5,0,552409,9699074
85,0,1,-5,-5,0,0,-5,0,552409,9693074
86,0,0,-5,-5,-5,-5,-5,-5,552409,9663074
87,0,1,-5,-5,1,0,-5,1,552409,9657074
88,0,1,-5,-5,1,0,-5,1,552409,9675074
89,1,1,-5,1,1,1,1,1,552409,9669074
90,0,1,-5,-5,1,0,-5,1,545409,9663074
91,1,1,-5,1,1,1,1,1,545409,9657074
92,0,1,-5,-5,1,1,-5,1,545409,9675074
93,1,1,-5,1,1,1,1,1,545409,9669074
94,1,1,-5,1,1,0,1,1,545409,9651074
95,0,1,-5,-5,0,0,-5,0,545409,9711074
96,0,1,-5,-5,1,1,-5,1,545409,9705074
97,0,1,-5,-5,1,1,-5,1,545409,9717074
98,0,1,-5,-5,0,0,-5,0,545409,9687074
99,0,1,-5,-5,1,1,-5,1,545409,9681074
100,0,1,-5,-5,0,1,-5,1,545409,9699074
101,0,1,-5,-5,0,-5,-5,0,545409,9693074
102,1,1,1,1,1,0,1,1,538409,9687074
103,1,1,1,1,1,1,1,1,538409,9681074
104,1,1,1,1,1,1,1,1,538409,9699074
105,1,1,0,0,1,1,0,1,538409,9693074
106,1,1,1,1,1,0,1,1,538409,9663074
107,1,1,0,1,1,1,1,1,538409,9657074
108,1,1,1,1,1,1,1,1,538409,9675074
109,1,1,1,1,0,1,1,1,538409,9669074
110,1,1,-5,1,0,1,1,1,538409,9651074
111,1,1,0,1,0,0,1,0,538409,9711074
112,1,1,1,1,0,1,1,1,538409,9705074
113,1,1,-5,1,1,0,1,1,538409,9717074
114,1,1,0,1,1,1,1,1,510409,9687074
115,1,1,1,1,1,0,1,1,510409,9681074
116,1,1,1,1,0,0,1,0,510409,9699074
117,1,1,0,1,1,0,1,1,510409,9693074
118,1,1,0,1,1,1,1,1,510409,9663074
119,1,1,1,1,1,1,1,1,510409,9657074
120,1,1,0,1,1,0,1,1,510409,9675074
121,1,1,1,1,1,1,1,1,510409,9669074
122,0,1,-5,-5,0,0,-5,0,510409,9651074
123,0,1,-5,-5,1,1,-5,1,510409,9729074
124,1,1,1,1,0,0,1,0,510409,9711074
125,1,1,0,1,0,0,1,0,510409,9705074
126,0,1,-5,-5,0,0,-5,0,510409,9723074
127,0,1,-5,-5,0,1,-5,1,510409,9717074
128,1,1,1,1,0,0,1,0,503409,9711074
129,1,1,0,1,0,0,1,0,503409,9705074
130,0,1,-5,-5,0,0,-5,0,503409,9723074
131,0,1,-5,-5,1,1,-5,1,503409,9717074
132,1,0,1,1,-5,-5,1,-5,503409,9687074
133,1,1,0,1,1,1,1,1,503409,9681074
134,1,1,1,1,1,0,1,1,503409,9699074
135,1,1,1,1,0,0,1,0,503409,9693074
136,1,1,1,1,0,1,1,1,503409,9663074
137,1,1,0,1,1,1,1,1,503409,9657074
138,1,1,1,1,1,1,1,1,503409,9675074
139,1,1,1,1,1,1,1,1,503409,9669074
140,0,1,-5,-5,0,1,-5,1,503409,9651074
141,0,1,-5,-5,0,0,-5,0,503409,9729074
142,0,1,-5,-5,1,0,-5,1,496409,9651074
143,1,1,-5,1,1,0,1,1,496409,9645074
144,0,1,-5,-5,0,0,-5,0,496409,9729074
145,0,1,-5,-5,0,-5,-5,0,496409,9723074
146,0,0,-5,-5,-5,-5,-5,-5,496409,9687074
147,0,1,-5,-5,0,1,-5,1,496409,9681074
148,1,1,-5,1,0,0,1,0,496409,9699074
149,0,1,-5,-5,0,0,-5,0,496409,9693074
150,0,0,-5,-5,-5,-5,-5,-5,496409,9663074
151,0,1,-5,-5,0,1,-5,1,496409,9657074
152,0,1,-5,-5,1,1,-5,1,496409,9675074
153,0,1,-5,-5,1,1,-5,1,496409,9669074
154,1,1,-5,1,0,0,1,0,573409,9663074
155,1,1,-5,0,0,1,0,1,573409,9675074
156,1,1,-5,1,1,1,1,1,573409,9669074
157,1,1,-5,0,0,0,0,0,573409,9705074
158,0,1,-5,-5,0,-5,-5,0,573409,9687074
159,0,1,-5,-5,0,-5,-5,0,573409,9681074
160,0,1,-5,-5,0,0,-5,0,573409,9699074
161,1,1,-5,1,1,0,1,1,573409,9693074
162,1,1,-5,0,1,1,0,1,566409,9687074
163,1,1,-5,1,1,1,1,1,566409,9681074
164,0,1,-5,-5,0,1,-5,1,566409,9699074
165,1,1,-5,0,0,0,0,0,566409,9693074
166,1,1,-5,1,-5,0,1,0,566409,9663074
167,1,0,-5,1,-5,-5,1,-5,566409,9675074
168,0,1,-5,-5,1,1,-5,1,566409,9669074
169,0,1,-5,-5,1,1,-5,1,566409,9705074
170,0,1,-5,-5,1,0,-5,1,559409,9711074
171,0,1,-5,-5,0,1,-5,1,559409,9705074
172,1,1,-5,1,1,1,1,1,559409,9687074
173,0,1,-5,-5,0,1,-5,1,559409,9681074
174,0,1,-5,-5,0,0,-5,0,559409,9699074
175,1,1,-5,1,1,0,1,1,559409,9693074
176,1,1,-5,1,0,0,1,0,559409,9663074
177,0,1,-5,-5,0,1,-5,1,559409,9657074
178,0,1,-5,-5,1,1,-5,1,559409,9675074
179,1,1,-5,1,1,1,1,1,559409,9669074
180,1,1,-5,0,0,0,0,0,587409,9687074
181,1,1,-5,1,0,-5,1,0,580409,9687074
182,0,1,-5,-5,0,-5,-5,0,580409,9681074
183,1,1,-5,0,0,-5,0,0,580409,9699074
184,1,1,-5,0,1,-5,0,1,580409,9693074
185,1,1,1,1,0,1,1,1,440409,9825074
186,1,1,0,1,0,0,1,0,440409,9807074
187,1,1,0,1,0,-5,1,0,440409,9801074
188,1,1,1,1,1,1,1,1,440409,9819074
189,1,1,0,0,0,1,0,1,440409,9813074
190,1,1,0,0,0,0,0,0,440409,9783074
191,1,1,1,1,0,0,1,0,440409,9795074
192,1,1,1,1,1,0,1,1,440409,9789074
193,1,1,0,0,1,0,0,1,475409,9783074
194,0,1,-5,-5,0,1,-5,1,475409,9777074
195,1,1,-5,0,0,0,0,0,475409,9795074
196,1,1,0,1,0,1,1,1,475409,9789074
197,1,1,0,1,0,0,1,0,468409,9783074
198,1,1,1,1,0,0,1,0,468409,9777074
199,1,1,0,1,1,0,1,1,468409,9795074
200,1,1,0,1,0,1,1,1,468409,9789074
201,0,1,-5,-5,0,0,-5,0,468409,9771074
202,1,1,0,1,0,0,1,0,461409,9771074
203,1,1,0,0,0,0,0,0,461409,9807074
204,1,1,0,1,1,1,1,1,461409,9801074
205,1,1,1,1,0,0,1,0,461409,9783074
206,1,1,1,0,0,0,1,0,461409,9777074
207,1,1,0,1,1,0,1,1,461409,9795074
208,1,1,1,0,1,0,1,1,461409,9789074
209,1,1,0,1,0,0,1,0,433409,9807074
210,1,1,0,0,0,0,0,0,433409,9801074
211,1,1,-5,1,0,0,1,0,433409,9795074
212,0,1,-5,-5,0,0,-5,0,426409,9795074
213,1,1,0,0,1,0,0,1,426409,9807074
214,1,1,0,0,0,0,0,0,426409,9801074
215,1,1,1,0,0,0,1,0,419409,9807074
216,1,1,-5,0,0,0,0,0,482409,9789074
217,1,1,0,0,0,0,0,0,454409,9783074
218,1,1,0,1,0,0,1,0,454409,9777074
219,1,1,1,1,0,0,1,0,454409,9795074
220,1,1,1,1,1,0,1,1,454409,9789074
221,1,1,1,1,0,0,1,0,454409,9771074
222,1,1,0,1,1,0,1,1,454409,9807074
223,1,1,1,1,0,1,1,1,454409,9801074
224,1,1,-5,1,1,0,1,1,447409,9807074
225,1,1,0,1,0,1,1,1,447409,9801074
226,1,1,0,1,0,1,1,1,447409,9819074
227,1,1,0,1,0,1,1,1,447409,9813074
228,1,1,1,1,0,0,1,0,447409,9783074
229,1,1,0,-5,1,1,0,1,447409,9777074
230,1,1,0,0,1,0,0,1,447409,9795074
231,1,1,0,0,0,1,0,1,447409,9789074
232,0,1,-5,-5,0,0,-5,0,447409,9771074
233,1,0,0,0,-5,-5,0,-5,433409,9825074
234,1,0,0,1,-5,-5,1,-5,433409,9819074
235,1,1,0,0,1,-5,0,1,433409,9813074
236,1,0,0,1,-5,-5,1,-5,426409,9813074
237,0,1,-5,-5,0,-5,-5,0,615409,9807074
238,1,1,0,1,1,-5,1,1,615409,9819074
239,1,1,1,1,1,-5,1,1,615409,9813074
240,0,1,-5,-5,0,-5,-5,0,615409,9855074
241,1,1,0,1,1,-5,1,1,615409,9849074
242,1,1,1,1,1,-5,1,1,615409,9831074
243,1,1,1,1,1,-5,1,1,615409,9825074
244,1,1,0,1,1,-5,1,1,615409,9843074
245,1,1,1,1,0,-5,1,0,615409,9837074
246,1,1,1,1,1,-5,1,1,608409,9831074
247,1,1,0,1,1,-5,1,1,608409,9825074
248,1,1,0,1,0,-5,1,0,608409,9843074
249,1,1,0,1,1,-5,1,1,608409,9837074
250,1,1,1,1,1,-5,1,1,608409,9819074
251,1,1,1,0,1,-5,1,1,608409,9813074
252,0,1,-5,-5,1,-5,-5,1,608409,9855074
253,1,1,0,0,0,-5,0,0,608409,9849074
254,0,0,-5,-5,-5,-5,-5,-5,608409,9861074
255,0,1,-5,-5,0,-5,-5,0,601409,9855074
256,0,1,-5,-5,0,-5,-5,0,601409,9849074
257,0,1,-5,-5,0,-5,-5,0,601409,9867074
258,0,1,-5,-5,1,-5,-5,1,601409,9861074
259,1,1,1,1,1,-5,1,1,601409,9831074
260,1,1,1,0,1,-5,1,1,601409,9825074
261,0,1,-5,-5,1,-5,-5,1,601409,9843074
262,0,1,-5,-5,1,-5,-5,1,601409,9837074
263,0,1,-5,-5,1,-5,-5,1,601409,9819074
264,1,1,0,1,1,-5,1,1,636409,9831074
265,1,1,1,1,1,-5,1,1,636409,9825074
266,1,0,-5,0,-5,-5,0,-5,636409,9843074
267,1,1,0,1,1,-5,1,1,636409,9837074
268,1,1,1,1,1,-5,1,1,636409,9807074
269,1,1,1,1,1,-5,1,1,636409,9801074
270,1,1,1,1,1,-5,1,1,636409,9819074
271,1,1,1,1,1,-5,1,1,636409,9813074
272,1,1,1,1,1,-5,1,1,636409,9783074
273,1,1,0,1,0,-5,1,0,636409,9777074
274,1,1,0,1,0,-5,1,0,636409,9795074
275,1,1,1,1,1,-5,1,1,636409,9789074
276,1,1,1,1,1,-5,1,1,629409,9831074
277,1,1,1,1,1,-5,1,1,629409,9825074
278,1,1,-5,1,0,-5,1,0,629409,9843074
279,1,1,0,1,1,-5,1,1,629409,9837074
280,1,1,0,1,1,-5,1,1,629409,9807074
281,1,1,1,1,1,-5,1,1,629409,9801074
282,1,1,0,1,1,-5,1,1,629409,9819074
283,1,1,1,1,0,-5,1,0,629409,9813074
284,1,1,-5,1,0,-5,1,0,629409,9783074
285,1,1,1,1,1,-5,1,1,629409,9795074
286,1,1,1,1,1,-5,1,1,629409,9789074
287,1,1,1,1,1,-5,1,1,622409,9795074
288,0,1,-5,-5,1,-5,-5,1,622409,9789074
289,1,1,1,1,0,-5,1,0,622409,9849074
290,1,1,0,1,1,-5,1,1,622409,9831074
291,1,1,1,1,1,-5,1,1,622409,9825074
292,1,1,0,1,1,-5,1,1,622409,9843074
293,1,1,1,1,1,-5,1,1,622409,9837074
294,1,1,0,1,0,-5,1,0,622409,9807074
295,1,1,1,1,1,-5,1,1,622409,9801074
296,1,1,1,1,1,-5,1,1,622409,9819074
297,1,1,1,1,1,-5,1,1,622409,9813074
298,0,1,-5,-5,0,-5,-5,0,580409,9849074
299,0,0,-5,-5,-5,-5,-5,-5,573409,9849074
300,0,1,-5,-5,1,-5,-5,1,594409,9855074
301,0,1,-5,-5,0,-5,-5,0,594409,9849074
302,0,0,-5,-5,-5,-5,-5,-5,594409,9861074
303,0,1,-5,-5,0,-5,-5,0,594409,9831074
304,0,1,-5,-5,0,-5,-5,0,594409,9825074
305,0,1,-5,-5,1,-5,-5,1,594409,9843074
306,0,1,-5,-5,1,-5,-5,1,594409,9837074
307,0,1,-5,-5,1,-5,-5,1,587409,9855074
308,0,1,-5,-5,1,-5,-5,1,587409,9849074
309,0,1,-5,-5,1,-5,-5,1,587409,9831074
310,0,1,-5,-5,1,-5,-5,1,587409,9843074
311,0,1,-5,-5,0,-5,-5,0,587409,9837074
312,0,1,-5,-5,0,-5,-5,0,580409,9843074
313,0,0,-5,-5,-5,-5,-5,-5,685409,9795074
314,1,1,-5,1,0,-5,1,0,657409,9759074
315,1,1,-5,0,0,-5,0,0,657409,9771074
316,1,1,-5,1,1,-5,1,1,657409,9765074
317,0,0,-5,-5,-5,-5,-5,-5,657409,9825074
318,0,1,-5,-5,0,-5,-5,0,657409,9807074
319,0,1,-5,-5,1,-5,-5,1,657409,9801074
320,0,1,-5,-5,0,-5,-5,0,657409,9819074
321,0,1,-5,-5,1,-5,-5,1,657409,9813074
322,0,1,-5,-5,0,-5,-5,0,657409,9783074
323,0,1,-5,-5,0,-5,-5,0,657409,9777074
324,0,1,-5,-5,1,-5,-5,1,657409,9795074
325,1,1,-5,0,0,-5,0,0,657409,9789074
326,1,1,0,1,1,-5,1,1,650409,9783074
327,1,1,-5,1,1,-5,1,1,650409,9777074
328,1,1,1,1,0,-5,1,0,650409,9795074
329,1,1,1,1,1,-5,1,1,650409,9789074
330,1,1,-5,1,1,-5,1,1,650409,9771074
331,0,1,-5,-5,1,-5,-5,1,650409,9765074
332,0,1,-5,-5,0,-5,-5,0,650409,9831074
333,1,1,0,1,1,-5,1,1,650409,9825074
334,1,1,0,1,0,-5,1,0,650409,9807074
335,1,1,1,1,1,-5,1,1,650409,9801074
336,1,1,0,1,1,-5,1,1,650409,9819074
337,1,1,0,1,1,-5,1,1,650409,9813074
338,1,1,1,1,0,-5,1,0,643409,9807074
339,1,1,1,1,1,-5,1,1,643409,9801074
340,1,1,0,1,1,-5,1,1,643409,9819074
341,1,1,0,1,0,-5,1,0,643409,9813074
342,1,1,1,1,1,-5,1,1,643409,9783074
343,1,1,-5,1,1,-5,1,1,643409,9777074
344,1,1,1,1,1,-5,1,1,643409,9795074
345,1,1,1,1,1,-5,1,1,643409,9789074
346,0,1,-5,-5,1,-5,-5,1,643409,9771074
347,1,1,0,1,0,-5,1,0,643409,9831074
348,1,1,0,-5,0,-5,0,0,643409,9825074
349,0,1,-5,-5,0,-5,-5,0,643409,9837074
350,1,1,-5,0,0,-5,0,0,678409,9783074
351,0,1,-5,-5,0,-5,-5,0,678409,9777074
352,0,1,-5,-5,1,-5,-5,1,678409,9795074
353,0,1,-5,-5,0,-5,-5,0,678409,9789074
354,0,0,-5,-5,-5,-5,-5,-5,678409,9801074
355,0,0,-5,-5,-5,-5,-5,-5,671409,9807074
356,0,1,-5,-5,1,-5,-5,1,671409,9801074
357,1,1,-5,1,1,-5,1,1,671409,9783074
358,0,1,-5,-5,0,-5,-5,0,671409,9777074
359,0,1,-5,-5,1,-5,-5,1,671409,9795074
360,1,1,-5,0,1,-5,0,1,671409,9789074
361,0,1,-5,-5,0,-5,-5,0,671409,9771074
362,1,1,-5,1,0,-5,1,0,664409,9807074
363,1,1,-5,1,0,-5,1,0,664409,9801074
364,0,1,-5,-5,0,-5,-5,0,664409,9819074
365,1,1,-5,0,0,-5,0,0,664409,9813074
366,0,1,-5,-5,0,-5,-5,0,664409,9783074
367,0,1,-5,-5,1,-5,-5,1,664409,9777074
368,1,1,-5,0,0,-5,0,0,664409,9795074
369,1,1,-5,1,1,-5,1,1,664409,9789074
370,0,1,-5,-5,1,-5,-5,1,664409,9771074
371,0,0,-5,-5,-5,-5,-5,-5,664409,9765074
372,1,0,-5,0,-5,-5,0,-5,440409,9831074
373,0,1,-5,-5,0,-5,-5,0,475409,9807074
374,1,1,-5,0,0,-5,0,0,475409,9801074
375,0,1,-5,-5,0,-5,-5,0,475409,9819074
376,0,1,-5,-5,0,-5,-5,0,475409,9813074
377,0,1,-5,-5,0,-5,-5,0,475409,9855074
378,0,1,-5,-5,0,-5,-5,0,475409,9849074
379,0,1,-5,-5,1,-5,-5,1,475409,9861074
380,1,1,-5,0,0,-5,0,0,475409,9831074
381,1,1,-5,0,0,-5,0,0,475409,9825074
382,0,1,-5,-5,0,-5,-5,0,475409,9843074
383,0,1,-5,-5,0,-5,-5,0,475409,9837074
384,0,1,-5,-5,0,-5,-5,0,468409,9831074
385,1,1,-5,0,0,-5,0,0,468409,9825074
386,0,1,-5,-5,0,-5,-5,0,468409,9843074
387,0,1,-5,-5,0,-5,-5,0,468409,9837074
388,1,1,-5,0,0,-5,0,0,468409,9807074
389,1,1,-5,0,0,0,0,0,468409,9801074
390,0,1,-5,-5,0,-5,-5,0,468409,9819074
391,0,1,-5,-5,0,-5,-5,0,468409,9813074
392,1,1,-5,0,0,-5,0,0,468409,9855074
393,0,1,-5,-5,0,-5,-5,0,468409,9849074
394,1,0,-5,0,-5,-5,0,-5,468409,9861074
395,1,0,-5,0,-5,-5,0,-5,461409,9855074
396,1,1,-5,0,0,-5,0,0,461409,9849074
397,1,0,-5,0,-5,-5,0,-5,461409,9867074
398,1,0,-5,0,-5,-5,0,-5,461409,9861074
399,0,1,-5,-5,0,-5,-5,0,461409,9831074
400,1,1,-5,0,0,-5,0,0,461409,9825074
401,1,0,-5,0,-5,-5,0,-5,461409,9843074
402,1,1,-5,0,0,-5,0,0,461409,9837074
403,1,1,-5,0,0,-5,0,0,461409,9819074
404,0,1,-5,-5,0,-5,-5,0,461409,9813074
405,0,1,-5,-5,1,-5,-5,1,531409,9783074
406,0,1,-5,-5,0,-5,-5,0,531409,9777074
407,0,1,-5,-5,0,-5,-5,0,531409,9789074
408,0,1,-5,-5,0,-5,-5,0,531409,9759074
409,0,1,-5,-5,0,-5,-5,0,531409,9753074
410,1,1,-5,0,0,-5,0,0,531409,9771074
411,0,1,-5,-5,1,-5,-5,1,531409,9765074
412,1,1,-5,1,0,-5,1,0,531409,9735074
413,1,1,-5,1,0,-5,1,0,531409,9729074
414,0,1,-5,-5,1,-5,-5,1,531409,9747074
415,0,1,-5,-5,1,-5,-5,1,531409,9741074
416,0,1,-5,-5,0,-5,-5,0,524409,9747074
417,0,1,-5,-5,0,-5,-5,0,524409,9783074
418,0,1,-5,-5,0,-5,-5,0,524409,9777074
419,0,1,-5,-5,0,-5,-5,0,524409,9795074
420,0,1,-5,-5,0,-5,-5,0,524409,9789074
421,0,1,-5,-5,0,-5,-5,0,524409,9759074
422,0,1,-5,-5,0,-5,-5,0,524409,9753074
423,1,1,-5,0,0,-5,0,0,524409,9771074
424,1,1,-5,0,0,-5,0,0,524409,9765074
425,0,0,-5,-5,-5,-5,-5,-5,517409,9759074
426,0,1,-5,-5,0,-5,-5,0,517409,9771074
427,1,1,-5,0,0,-5,0,0,517409,9765074
428,1,1,-5,0,1,-5,0,1,552409,9735074
429,0,1,-5,-5,1,-5,-5,1,552409,9729074
430,0,1,-5,-5,0,-5,-5,0,552409,9747074
431,1,1,-5,1,1,-5,1,1,552409,9741074
432,0,1,-5,-5,0,-5,-5,0,552409,9723074
433,0,1,-5,-5,0,-5,-5,0,552409,9759074
434,0,1,-5,-5,0,-5,-5,0,552409,9753074
435,1,1,-5,0,0,-5,0,0,552409,9771074
436,0,1,-5,-5,1,-5,-5,1,552409,9765074
437,1,1,-5,1,1,-5,1,1,545409,9759074
438,1,1,-5,0,0,-5,0,0,545409,9753074
439,1,1,-5,0,0,-5,0,0,545409,9771074
440,1,1,-5,0,0,-5,0,0,545409,9765074
441,1,1,-5,1,1,-5,1,1,545409,9735074
442,1,1,-5,1,0,-5,1,0,545409,9729074
443,0,1,-5,-5,1,-5,-5,1,545409,9747074
444,0,1,-5,-5,1,-5,-5,1,545409,9741074
445,0,0,-5,-5,-5,-5,-5,-5,545409,9723074
446,0,1,-5,-5,0,-5,-5,0,545409,9783074
447,1,1,-5,0,0,-5,0,0,545409,9777074
448,0,1,-5,-5,0,-5,-5,0,538409,9783074
449,1,1,-5,0,0,-5,0,0,538409,9777074
450,0,1,-5,-5,0,-5,-5,0,538409,9789074
451,0,1,-5,-5,0,-5,-5,0,538409,9759074
452,1,1,-5,0,0,-5,0,0,538409,9753074
453,1,1,-5,0,0,-5,0,0,538409,9771074
454,0,1,-5,-5,1,-5,-5,1,538409,9765074
455,1,1,-5,0,1,-5,0,1,538409,9735074
456,1,1,-5,1,1,-5,1,1,538409,9729074
457,1,1,-5,1,1,-5,1,1,538409,9747074
458,1,1,-5,1,1,-5,1,1,538409,9741074
459,1,0,-5,0,-5,-5,0,-5,496409,9831074
460,0,1,-5,-5,0,-5,-5,0,496409,9825074
461,1,1,-5,0,0,-5,0,0,496409,9837074
462,0,1,-5,-5,1,-5,-5,1,496409,9807074
463,0,1,-5,-5,0,-5,-5,0,496409,9801074
464,0,1,-5,-5,0,-5,-5,0,496409,9819074
465,0,1,-5,-5,1,-5,-5,1,496409,9813074
466,0,1,-5,-5,0,-5,-5,0,496409,9783074
467,1,1,-5,0,0,-5,0,0,496409,9795074
468,0,1,-5,-5,0,-5,-5,0,496409,9789074
469,1,1,-5,0,0,-5,0,0,489409,9831074
470,1,1,-5,0,0,-5,0,0,489409,9825074
471,0,1,-5,-5,0,-5,-5,0,489409,9843074
472,1,1,-5,0,0,-5,0,0,489409,9837074
473,1,1,-5,0,0,-5,0,0,489409,9807074
474,0,1,-5,-5,0,-5,-5,0,489409,9801074
475,1,1,-5,0,0,-5,0,0,489409,9819074
476,1,1,-5,0,1,-5,0,1,489409,9813074
477,1,1,-5,0,0,-5,0,0,489409,9795074
478,1,1,-5,0,0,-5,0,0,489409,9789074
479,1,1,-5,0,0,-5,0,0,482409,9795074
480,0,1,-5,-5,0,-5,-5,0,482409,9849074
481,1,1,-5,0,0,-5,0,0,482409,9831074
482,0,1,-5,-5,0,-5,-5,0,482409,9825074
483,0,1,-5,-5,0,-5,-5,0,482409,9843074
484,0,1,-5,-5,0,-5,-5,0,482409,9837074
485,1,1,-5,0,1,-5,0,1,482409,9807074
486,1,1,-5,0,0,-5,0,0,482409,9801074
487,0,1,-5,-5,0,-5,-5,0,482409,9819074
488,0,1,-5,-5,0,-5,-5,0,482409,9813074
489,1,1,-5,0,0,-5,0,0,517409,9807074
490,1,1,-5,0,0,-5,0,0,517409,9801074
491,1,1,-5,0,1,-5,0,1,517409,9783074
492,0,1,-5,-5,0,-5,-5,0,517409,9777074
493,1,1,-5,0,0,-5,0,0,517409,9795074
494,1,1,-5,0,0,-5,0,0,517409,9789074
495,1,1,-5,1,1,-5,1,1,510409,9783074
496,1,1,-5,1,0,-5,1,0,510409,9777074
497,0,1,-5,-5,0,-5,-5,0,510409,9795074
498,0,1,-5,-5,0,-5,-5,0,510409,9789074
499,1,1,-5,0,0,-5,0,0,510409,9771074
500,1,1,-5,0,0,-5,0,0,510409,9807074
501,1,1,-5,0,0,-5,0,0,510409,9801074
502,0,1,-5,-5,0,-5,-5,0,510409,9813074
503,0,1,-5,-5,1,-5,-5,1,503409,9807074
504,1,1,-5,0,0,-5,0,0,503409,9801074
505,0,1,-5,-5,0,-5,-5,0,503409,9819074
506,0,1,-5,-5,0,-5,-5,0,503409,9813074
507,0,1,-5,-5,0,-5,-5,0,503409,9783074
508,0,1,-5,-5,0,-5,-5,0,503409,9777074
509,1,1,-5,0,1,-5,0,1,503409,9795074
510,0,1,-5,-5,0,-5,-5,0,503409,9789074
511,0,1,-5,-5,0,-5,-5,0,503409,9825074
512,1,0,-5,0,-5,-5,0,-5,615409,9723074
513,1,1,-5,1,0,-5,1,0,608409,9723074
514,0,1,-5,-5,0,-5,-5,0,608409,9717074
515,0,1,-5,-5,1,-5,-5,1,601409,9735074
516,0,1,-5,-5,0,-5,-5,0,601409,9729074
517,0,1,-5,-5,1,-5,-5,1,601409,9711074
518,1,1,-5,0,1,-5,0,1,601409,9723074
519,1,1,-5,0,1,-5,0,1,601409,9717074
520,0,1,-5,-5,1,-5,-5,1,573409,9759074
521,1,1,-5,1,1,-5,1,1,573409,9753074
522,0,1,-5,-5,1,-5,-5,1,573409,9735074
523,0,1,-5,-5,1,-5,-5,1,573409,9729074
524,1,1,-5,1,0,-5,1,0,573409,9747074
525,0,1,-5,-5,1,-5,-5,1,573409,9741074
526,1,1,-5,0,1,-5,0,1,573409,9711074
527,0,1,-5,-5,1,-5,-5,1,573409,9723074
528,0,1,-5,-5,0,-5,-5,0,573409,9717074
529,0,1,-5,-5,1,-5,-5,1,566409,9759074
530,0,1,-5,-5,1,-5,-5,1,566409,9753074
531,0,1,-5,-5,0,-5,-5,0,566409,9765074
532,0,1,-5,-5,1,-5,-5,1,566409,9735074
533,0,1,-5,-5,1,-5,-5,1,566409,9729074
534,1,1,-5,1,0,-5,1,0,566409,9747074
535,1,1,-5,1,1,-5,1,1,566409,9741074
536,0,1,-5,-5,1,-5,-5,1,566409,9711074
537,0,1,-5,-5,1,-5,-5,1,566409,9723074
538,0,1,-5,-5,1,-5,-5,1,566409,9717074
539,0,1,-5,-5,0,-5,-5,0,559409,9723074
540,0,1,-5,-5,0,-5,-5,0,559409,9717074
541,0,1,-5,-5,1,-5,-5,1,559409,9759074
542,0,1,-5,-5,1,-5,-5,1,559409,9753074
543,0,1,-5,-5,0,-5,-5,0,559409,9771074
544,0,1,-5,-5,0,-5,-5,0,559409,9765074
545,0,1,-5,-5,1,-5,-5,1,559409,9735074
546,0,1,-5,-5,0,-5,-5,0,559409,9729074
547,0,1,-5,-5,0,-5,-5,0,559409,9747074
548,1,1,-5,1,1,-5,1,1,559409,9741074
549,0,1,-5,-5,0,-5,-5,0,594409,9687074
550,0,1,-5,-5,0,-5,-5,0,594409,9699074
551,0,1,-5,-5,0,-5,-5,0,594409,9693074
552,0,1,-5,-5,1,-5,-5,1,594409,9735074
553,0,1,-5,-5,1,-5,-5,1,594409,9729074
554,0,1,-5,-5,1,-5,-5,1,594409,9741074
555,0,1,-5,-5,0,-5,-5,0,594409,9711074
556,0,1,-5,-5,0,-5,-5,0,594409,9705074
557,0,1,-5,-5,1,-5,-5,1,594409,9723074
558,1,1,-5,0,0,-5,0,0,594409,9717074
559,1,1,-5,1,0,-5,1,0,587409,9711074
560,0,1,-5,-5,0,-5,-5,0,587409,9705074
561,0,1,-5,-5,1,-5,-5,1,587409,9723074
562,1,1,-5,0,0,-5,0,0,587409,9717074
563,1,1,-5,0,0,-5,0,0,587409,9699074
564,1,1,-5,0,0,-5,0,0,587409,9693074
565,0,1,-5,-5,0,-5,-5,0,587409,9735074
566,0,1,-5,-5,1,-5,-5,1,587409,9729074
567,0,1,-5,-5,1,-5,-5,1,587409,9747074
568,0,1,-5,-5,1,-5,-5,1,587409,9741074
569,0,1,-5,-5,1,0,-5,1,580409,9735074
570,0,1,-5,-5,1,-5,-5,1,580409,9729074
571,0,1,-5,-5,0,-5,-5,0,580409,9747074
572,0,1,-5,-5,1,-5,-5,1,580409,9741074
573,1,1,-5,0,0,-5,0,0,580409,9711074
574,1,0,-5,0,-5,-5,0,-5,580409,9705074
575,0,1,-5,-5,1,-5,-5,1,580409,9723074
576,0,1,-5,-5,1,-5,-5,1,580409,9717074
577,1,1,-5,1,0,-5,1,0,580409,9753074
578,0,0,-5,-5,-5,-5,-5,-5,454409,9855074
579,0,0,-5,-5,-5,-5,-5,-5,454409,9849074
580,1,0,-5,0,-5,-5,0,-5,454409,9861074
581,1,1,-5,0,0,-5,0,0,454409,9831074
582,1,1,-5,0,0,-5,0,0,454409,9825074
583,0,1,-5,-5,0,-5,-5,0,454409,9843074
584,1,1,-5,0,0,-5,0,0,454409,9837074
585,1,1,-5,1,0,-5,1,0,454409,9819074
586,1,1,-5,1,0,-5,1,0,454409,9813074
587,0,1,-5,-5,0,-5,-5,0,447409,9831074
588,0,1,-5,-5,0,-5,-5,0,447409,9825074
589,0,1,-5,-5,0,-5,-5,0,447409,9837074
590,1,1,-5,1,0,0,1,0,538409,9723074
591,1,1,-5,0,0,0,0,0,510409,9765074
592,0,1,-5,-5,1,-5,-5,1,475409,9867074
593,0,1,-5,-5,0,-5,-5,0,468409,9879074
594,0,1,-5,-5,1,-5,-5,1,468409,9873074
595,1,1,-5,0,1,-5,0,1,468409,9867074
596,0,1,-5,-5,0,-5,-5,0,538409,9831074
597,0,1,-5,-5,1,-5,-5,1,538409,9825074
598,0,1,-5,-5,0,-5,-5,0,538409,9837074
599,0,1,-5,-5,1,-5,-5,1,538409,9807074
600,0,1,-5,-5,1,-5,-5,1,538409,9801074
601,0,1,-5,-5,1,-5,-5,1,538409,9819074
602,1,1,-5,1,1,-5,1,1,538409,9813074
603,0,1,-5,-5,1,-5,-5,1,531409,9807074
604,0,1,-5,-5,1,-5,-5,1,531409,9801074
605,0,1,-5,-5,1,-5,-5,1,531409,9819074
606,0,1,-5,-5,1,-5,-5,1,531409,9813074
607,0,1,-5,-5,0,-5,-5,0,531409,9795074
608,0,1,-5,-5,0,-5,-5,0,531409,9831074
609,0,1,-5,-5,1,-5,-5,1,531409,9825074
610,0,1,-5,-5,0,-5,-5,0,531409,9843074
611,0,1,-5,-5,0,-5,-5,0,531409,9837074
612,0,1,-5,-5,0,-5,-5,0,524409,9831074
613,0,1,-5,-5,0,-5,-5,0,524409,9825074
614,0,1,-5,-5,0,-5,-5,0,524409,9843074
615,0,1,-5,-5,0,-5,-5,0,524409,9837074
616,0,1,-5,-5,1,-5,-5,1,524409,9807074
617,1,1,-5,0,0,-5,0,0,524409,9801074
618,0,1,-5,-5,1,-5,-5,1,524409,9819074
619,0,1,-5,-5,1,-5,-5,1,524409,9813074
620,0,1,-5,-5,1,-5,-5,1,552409,9825074
621,0,1,-5,-5,0,-5,-5,0,552409,9807074
622,0,1,-5,-5,1,-5,-5,1,552409,9801074
623,0,1,-5,-5,0,-5,-5,0,552409,9819074
624,0,1,-5,-5,1,-5,-5,1,552409,9813074
625,0,1,-5,-5,0,-5,-5,0,552409,9783074
626,1,1,-5,0,0,-5,0,0,552409,9777074
627,0,1,-5,-5,1,-5,-5,1,552409,9795074
628,0,1,-5,-5,0,-5,-5,0,552409,9789074
629,0,1,-5,-5,0,-5,-5,0,545409,9831074
630,0,1,-5,-5,1,-5,-5,1,545409,9825074
631,0,1,-5,-5,0,-5,-5,0,545409,9807074
632,0,1,-5,-5,0,-5,-5,0,545409,9801074
633,0,1,-5,-5,0,-5,-5,0,545409,9819074
634,0,1,-5,-5,1,-5,-5,1,545409,9813074
635,0,1,-5,-5,1,-5,-5,1,545409,9795074
636,0,1,-5,-5,0,-5,-5,0,545409,9789074
637,0,1,-5,-5,0,-5,-5,0,538409,9795074
638,0,1,-5,-5,0,-5,-5,0,496409,9843074
639,0,1,-5,-5,1,-5,-5,1,496409,9855074
640,0,1,-5,-5,0,-5,-5,0,496409,9849074
641,0,1,-5,-5,1,-5,-5,1,489409,9855074
642,0,1,-5,-5,0,-5,-5,0,489409,9849074
643,0,1,-5,-5,0,-5,-5,0,489409,9861074
644,0,1,-5,-5,0,-5,-5,0,482409,9855074
645,0,1,-5,-5,1,-5,-5,1,482409,9861074
646,0,1,-5,-5,0,-5,-5,0,517409,9849074
647,0,1,-5,-5,0,-5,-5,0,517409,9831074
648,0,1,-5,-5,0,-5,-5,0,517409,9825074
649,0,1,-5,-5,0,-5,-5,0,517409,9843074
650,0,1,-5,-5,0,-5,-5,0,517409,9837074
651,0,1,-5,-5,0,-5,-5,0,517409,9819074
652,0,1,-5,-5,1,-5,-5,1,517409,9813074
653,0,1,-5,-5,0,-5,-5,0,510409,9849074
654,0,1,-5,-5,0,-5,-5,0,510409,9831074
655,0,1,-5,-5,0,-5,-5,0,510409,9825074
656,0,1,-5,-5,0,-5,-5,0,510409,9843074
657,0,1,-5,-5,0,-5,-5,0,510409,9837074
658,0,1,-5,-5,0,-5,-5,0,510409,9819074
659,0,1,-5,-5,0,-5,-5,0,503409,9855074
660,0,1,-5,-5,0,-5,-5,0,503409,9849074
661,0,1,-5,-5,0,-5,-5,0,503409,9831074
662,0,1,-5,-5,1,-5,-5,1,503409,9843074
663,0,1,-5,-5,0,-5,-5,0,503409,9837074
664,1,1,-5,0,1,-5,0,1,615409,9735074
665,1,1,-5,1,0,-5,1,0,615409,9729074
666,0,1,-5,-5,0,-5,-5,0,608409,9735074
667,0,1,-5,-5,1,-5,-5,1,608409,9729074
668,0,1,-5,-5,1,-5,-5,1,608409,9741074
669,0,1,-5,-5,1,-5,-5,1,601409,9747074
670,0,1,-5,-5,1,-5,-5,1,601409,9741074
671,0,1,-5,-5,1,-5,-5,1,573409,9771074
672,0,1,-5,-5,1,-5,-5,1,573409,9765074
673,0,1,-5,-5,1,-5,-5,1,573409,9783074
674,0,1,-5,-5,1,-5,-5,1,573409,9777074
675,0,1,-5,-5,1,-5,-5,1,573409,9789074
676,0,1,-5,-5,1,-5,-5,1,566409,9783074
677,0,1,-5,-5,1,-5,-5,1,566409,9777074
678,0,1,-5,-5,0,-5,-5,0,566409,9795074
679,0,1,-5,-5,0,-5,-5,0,566409,9789074
680,0,1,-5,-5,1,-5,-5,1,566409,9771074
681,0,1,-5,-5,0,-5,-5,0,566409,9801074
682,0,1,-5,-5,1,-5,-5,1,559409,9807074
683,0,1,-5,-5,0,-5,-5,0,559409,9801074
684,0,1,-5,-5,0,-5,-5,0,559409,9813074
685,0,1,-5,-5,1,-5,-5,1,559409,9783074
686,0,1,-5,-5,1,-5,-5,1,559409,9777074
687,0,1,-5,-5,0,-5,-5,0,559409,9795074
688,0,1,-5,-5,1,-5,-5,1,559409,9789074
689,0,1,-5,-5,1,-5,-5,1,594409,9753074
690,0,1,-5,-5,1,-5,-5,1,594409,9747074
691,0,1,-5,-5,0,-5,-5,0,587409,9759074
692,0,1,-5,-5,1,-5,-5,1,587409,9753074
693,0,1,-5,-5,0,-5,-5,0,587409,9771074
694,0,1,-5,-5,1,-5,-5,1,587409,9765074
695,0,1,-5,-5,0,-5,-5,0,580409,9783074
696,0,1,-5,-5,1,-5,-5,1,580409,9777074
697,0,1,-5,-5,0,-5,-5,0,580409,9759074
698,0,1,-5,-5,1,-5,-5,1,580409,9771074
699,0,1,-5,-5,1,-5,-5,1,580409,9765074
700,0,1,-5,-5,1,-5,-5,1,412409,9807074
701,0,0,-5,-5,-5,-5,-5,-5,412409,9777074
702,0,0,-5,-5,-5,-5,-5,-5,412409,9771074
703,0,1,-5,-5,-5,0,-5,0,405409,9807074
704,0,1,-5,-5,-5,0,-5,0,405409,9789074
705,0,0,-5,-5,-5,-5,-5,-5,419409,9765074
706,0,1,-5,-5,0,0,-5,0,440409,9777074
707,0,1,-5,-5,0,0,-5,0,440409,9771074
708,0,1,-5,-5,0,0,-5,0,475409,9759074
709,0,1,-5,-5,0,0,-5,0,475409,9753074
710,0,1,-5,-5,0,0,-5,0,475409,9771074
711,0,1,-5,-5,0,0,-5,0,475409,9765074
712,0,1,-5,-5,0,0,-5,0,475409,9747074
713,0,1,-5,-5,0,0,-5,0,475409,9741074
714,0,1,-5,-5,0,0,-5,0,468409,9747074
715,0,1,-5,-5,0,0,-5,0,468409,9759074
716,0,1,-5,-5,0,0,-5,0,468409,9753074
717,0,1,-5,-5,0,0,-5,0,468409,9765074
718,0,1,-5,-5,1,0,-5,1,461409,9759074
719,0,1,-5,-5,0,0,-5,0,461409,9765074
720,0,1,-5,-5,0,0,-5,0,412409,9801074
721,0,1,-5,-5,1,0,-5,1,412409,9783074
722,0,1,-5,-5,0,0,-5,0,412409,9795074
723,0,1,-5,-5,0,0,-5,0,412409,9789074
724,0,1,-5,-5,0,0,-5,0,405409,9801074
725,0,1,-5,-5,0,0,-5,0,405409,9795074
726,0,1,-5,-5,0,0,-5,0,433409,9783074
727,0,1,-5,-5,1,0,-5,1,433409,9777074
728,1,1,-5,1,1,-5,1,1,433409,9789074
729,0,1,-5,-5,1,0,-5,1,426409,9783074
730,0,1,-5,-5,0,0,-5,0,426409,9777074
731,0,1,-5,-5,0,0,-5,0,426409,9789074
732,0,1,-5,-5,0,0,-5,0,426409,9771074
733,0,1,-5,-5,0,0,-5,0,419409,9801074
734,0,1,-5,-5,0,0,-5,0,419409,9783074
735,0,1,-5,-5,1,0,-5,1,419409,9777074
736,0,1,-5,-5,0,0,-5,0,419409,9795074
737,0,1,-5,-5,1,0,-5,1,419409,9789074
738,0,1,-5,-5,0,0,-5,0,419409,9771074
739,0,1,-5,-5,0,1,-5,1,524409,9741074
740,0,1,-5,-5,0,0,-5,0,517409,9753074
741,0,1,-5,-5,0,0,-5,0,517409,9735074
742,0,1,-5,-5,1,0,-5,1,517409,9747074
743,0,1,-5,-5,1,1,-5,1,517409,9741074
744,0,1,-5,-5,0,0,-5,0,496409,9777074
745,0,1,-5,-5,1,0,-5,1,496409,9759074
746,0,1,-5,-5,1,-5,-5,1,496409,9753074
747,0,1,-5,-5,0,0,-5,0,496409,9771074
748,0,1,-5,-5,0,0,-5,0,496409,9765074
749,0,1,-5,-5,0,1,-5,1,489409,9759074
750,0,1,-5,-5,0,0,-5,0,489409,9753074
751,0,1,-5,-5,0,0,-5,0,489409,9771074
752,0,1,-5,-5,1,1,-5,1,489409,9765074
753,0,1,-5,-5,0,0,-5,0,489409,9735074
754,0,1,-5,-5,0,0,-5,0,489409,9747074
755,0,1,-5,-5,0,0,-5,0,489409,9741074
756,0,1,-5,-5,0,0,-5,0,489409,9783074
757,0,1,-5,-5,0,0,-5,0,489409,9777074
758,0,1,-5,-5,0,1,-5,1,482409,9783074
759,0,1,-5,-5,0,0,-5,0,482409,9777074
760,0,1,-5,-5,0,0,-5,0,482409,9759074
761,0,1,-5,-5,0,0,-5,0,482409,9753074
762,1,1,-5,1,0,0,1,0,482409,9771074
763,0,1,-5,-5,0,0,-5,0,482409,9765074
764,0,1,-5,-5,0,0,-5,0,482409,9747074
765,0,1,-5,-5,0,0,-5,0,482409,9741074
766,0,1,-5,-5,0,1,-5,1,510409,9759074
767,0,1,-5,-5,0,0,-5,0,510409,9753074
768,0,1,-5,-5,1,0,-5,1,510409,9735074
769,0,1,-5,-5,0,0,-5,0,510409,9747074
770,0,1,-5,-5,0,0,-5,0,510409,9741074
771,0,1,-5,-5,0,0,-5,0,503409,9759074
772,0,1,-5,-5,0,0,-5,0,503409,9753074
773,0,1,-5,-5,0,0,-5,0,503409,9771074
774,0,1,-5,-5,0,0,-5,0,503409,9765074
775,0,1,-5,-5,0,0,-5,0,503409,9735074
776,0,1,-5,-5,1,1,-5,1,503409,9747074
777,0,1,-5,-5,1,0,-5,1,503409,9741074
778,0,1,-5,-5,0,0,-5,0,496409,9735074
779,0,1,-5,-5,1,1,-5,1,496409,9747074
780,0,1,-5,-5,0,1,-5,1,496409,9741074
781,0,1,-5,-5,0,0,-5,0,454409,9765074
782,0,1,-5,-5,0,0,-5,0,440409,9747074
783,0,1,-5,-5,0,0,-5,0,440409,9759074
784,0,1,-5,-5,0,0,-5,0,440409,9753074
785,0,1,-5,-5,0,0,-5,0,440409,9765074
786,0,1,-5,-5,0,0,-5,0,475409,9735074
787,0,1,-5,-5,1,1,-5,1,475409,9729074
788,0,0,-5,-5,-5,-5,-5,-5,468409,9639074
789,0,1,-5,-5,1,1,-5,1,468409,9651074
790,0,1,-5,-5,1,0,-5,1,468409,9645074
791,0,1,-5,-5,0,0,-5,0,468409,9735074
792,0,1,-5,-5,0,0,-5,0,468409,9729074
793,0,1,-5,-5,0,0,-5,0,468409,9741074
794,0,1,-5,-5,1,1,-5,1,468409,9711074
795,0,1,-5,-5,0,1,-5,1,468409,9705074
796,0,1,-5,-5,0,0,-5,0,468409,9723074
797,0,1,-5,-5,0,1,-5,1,468409,9717074
798,0,1,-5,-5,1,0,-5,1,468409,9687074
799,0,1,-5,-5,1,0,-5,1,468409,9681074
800,0,1,-5,-5,1,0,-5,1,468409,9699074
801,0,0,-5,-5,-5,-5,-5,-5,468409,9693074
802,0,1,-5,-5,1,0,-5,1,468409,9663074
803,0,0,-5,-5,-5,-5,-5,-5,468409,9657074
804,0,1,-5,-5,1,1,-5,1,468409,9675074
805,0,1,-5,-5,1,0,-5,1,468409,9669074
806,0,1,-5,-5,1,0,-5,1,461409,9663074
807,1,0,-5,1,-5,-5,1,-5,461409,9657074
808,0,1,-5,-5,0,0,-5,0,461409,9675074
809,0,1,-5,-5,0,0,-5,0,461409,9669074
810,0,1,-5,-5,1,1,-5,1,461409,9639074
811,0,1,-5,-5,1,1,-5,1,461409,9651074
812,0,1,-5,-5,0,0,-5,0,461409,9645074
813,0,1,-5,-5,0,0,-5,0,461409,9753074
814,0,1,-5,-5,0,0,-5,0,461409,9735074
815,0,1,-5,-5,0,0,-5,0,461409,9729074
816,0,0,-5,-5,-5,-5,-5,-5,461409,9747074
817,0,1,-5,-5,1,0,-5,1,461409,9741074
818,0,1,-5,-5,0,1,-5,1,461409,9711074
819,0,1,-5,-5,1,0,-5,1,461409,9705074
820,0,1,-5,-5,0,0,-5,0,461409,9687074
821,0,1,-5,-5,0,0,-5,0,461409,9681074
822,0,1,-5,-5,0,-5,-5,0,461409,9699074
823,0,0,-5,-5,-5,-5,-5,-5,461409,9693074
824,0,1,-5,-5,1,0,-5,1,454409,9687074
825,0,1,-5,-5,0,0,-5,0,454409,9681074
826,0,1,-5,-5,1,0,-5,1,454409,9699074
827,0,0,-5,-5,-5,-5,-5,-5,454409,9693074
828,0,1,-5,-5,0,0,-5,0,454409,9663074
829,0,1,-5,-5,0,0,-5,0,454409,9657074
830,0,1,-5,-5,0,0,-5,0,454409,9675074
831,0,1,-5,-5,0,0,-5,0,454409,9669074
832,0,1,-5,-5,1,1,-5,1,454409,9639074
833,0,1,-5,-5,1,0,-5,1,454409,9651074
834,0,1,-5,-5,1,1,-5,1,454409,9645074
835,0,1,-5,-5,0,0,-5,0,433409,9759074
836,0,1,-5,-5,0,0,-5,0,433409,9753074
837,0,1,-5,-5,0,0,-5,0,433409,9771074
838,0,1,-5,-5,0,0,-5,0,433409,9765074
839,0,1,-5,-5,0,-5,-5,0,426409,9759074
840,0,1,-5,-5,1,0,-5,1,426409,9765074
841,1,1,-5,1,1,0,1,1,489409,9663074
842,0,1,-5,-5,1,0,-5,1,489409,9657074
843,0,1,-5,-5,0,0,-5,0,489409,9675074
844,0,1,-5,-5,0,0,-5,0,489409,9669074
845,0,1,-5,-5,0,0,-5,0,489409,9651074
846,0,1,-5,-5,0,0,-5,0,489409,9645074
847,0,1,-5,-5,0,0,-5,0,489409,9729074
848,0,1,-5,-5,0,0,-5,0,489409,9711074
849,0,1,-5,-5,0,0,-5,0,489409,9705074
850,0,1,-5,-5,0,0,-5,0,489409,9723074
851,0,1,-5,-5,0,0,-5,0,489409,9717074
852,0,1,-5,-5,0,0,-5,0,489409,9687074
853,0,1,-5,-5,0,0,-5,0,489409,9681074
854,0,1,-5,-5,1,0,-5,1,489409,9699074
855,1,1,-5,1,1,0,1,1,489409,9693074
856,0,1,-5,-5,0,0,-5,0,482409,9687074
857,0,1,-5,-5,1,0,-5,1,482409,9681074
858,1,1,-5,1,0,1,1,1,482409,9699074
859,0,1,-5,-5,1,0,-5,1,482409,9693074
860,0,1,-5,-5,0,1,-5,1,482409,9663074
861,0,1,-5,-5,1,1,-5,1,482409,9657074
862,0,1,-5,-5,0,0,-5,0,482409,9675074
863,0,1,-5,-5,0,1,-5,1,482409,9669074
864,0,1,-5,-5,0,0,-5,0,482409,9639074
865,0,1,-5,-5,1,0,-5,1,482409,9651074
866,0,1,-5,-5,1,1,-5,1,482409,9645074
867,0,1,-5,-5,0,0,-5,0,482409,9735074
868,0,1,-5,-5,0,0,-5,0,482409,9729074
869,0,1,-5,-5,0,0,-5,0,482409,9711074
870,0,1,-5,-5,0,0,-5,0,482409,9705074
871,0,1,-5,-5,0,0,-5,0,482409,9723074
872,0,1,-5,-5,0,0,-5,0,482409,9717074
873,0,1,-5,-5,0,1,-5,1,475409,9711074
874,0,1,-5,-5,0,0,-5,0,475409,9705074
875,0,0,-5,-5,-5,-5,-5,-5,475409,9723074
876,0,1,-5,-5,0,1,-5,1,475409,9717074
877,0,0,-5,-5,-5,-5,-5,-5,475409,9687074
878,0,1,-5,-5,0,0,-5,0,475409,9681074
879,0,1,-5,-5,0,0,-5,0,475409,9699074
880,0,0,-5,-5,-5,-5,-5,-5,475409,9693074
881,0,0,-5,-5,-5,-5,-5,-5,475409,9663074
882,0,0,-5,-5,-5,-5,-5,-5,475409,9657074
883,0,1,-5,-5,0,0,-5,0,475409,9675074
884,0,1,-5,-5,1,0,-5,1,475409,9669074
885,0,1,-5,-5,1,0,-5,1,475409,9639074
886,0,1,-5,-5,1,1,-5,1,475409,9651074
887,0,1,-5,-5,1,0,-5,1,475409,9645074
888,1,1,-5,1,1,1,1,1,496409,9711074
889,0,1,-5,-5,0,1,-5,1,496409,9705074
890,0,1,-5,-5,1,0,-5,1,496409,9717074
891,0,1,-5,-5,0,0,-5,0,454409,9759074
892,0,1,-5,-5,0,0,-5,0,454409,9753074
893,0,1,-5,-5,0,1,-5,1,454409,9735074
894,0,1,-5,-5,0,0,-5,0,454409,9747074
895,0,1,-5,-5,0,0,-5,0,454409,9741074
896,0,0,-5,-5,-5,-5,-5,-5,454409,9705074
897,0,1,-5,-5,0,0,-5,0,447409,9687074
898,0,1,-5,-5,0,0,-5,0,447409,9681074
899,0,1,-5,-5,0,0,-5,0,447409,9663074
900,0,1,-5,-5,0,0,-5,0,447409,9657074
901,0,1,-5,-5,1,0,-5,1,447409,9675074
902,1,1,-5,1,1,0,1,1,447409,9669074
903,0,1,-5,-5,1,0,-5,1,447409,9639074
904,0,1,-5,-5,1,0,-5,1,447409,9651074
905,1,1,-5,1,1,0,1,1,447409,9645074
906,0,1,-5,-5,0,0,-5,0,447409,9759074
907,0,1,-5,-5,0,0,-5,0,447409,9753074
908,0,1,-5,-5,0,0,-5,0,447409,9765074
909,0,1,-5,-5,0,-5,-5,0,447409,9735074
910,0,1,-5,-5,0,0,-5,0,447409,9747074
911,0,1,-5,-5,0,0,-5,0,447409,9741074
912,0,1,-5,-5,-5,0,-5,0,440409,9741074
913,0,0,-5,-5,-5,-5,-5,-5,440409,9663074
914,0,0,-5,-5,-5,-5,-5,-5,440409,9657074
915,0,0,-5,-5,-5,-5,-5,-5,440409,9675074
916,0,0,-5,-5,-5,-5,-5,-5,440409,9669074
917,0,0,-5,-5,-5,-5,-5,-5,433409,9747074
918,0,0,-5,-5,-5,-5,-5,-5,489409,9639074
919,0,0,-5,-5,-5,-5,-5,-5,454409,9729074
920,0,0,-5,-5,-5,-5,-5,-5,447409,9693074
921,0,1,-5,-5,-5,0,-5,0,447409,9633074
922,0,0,-5,-5,-5,-5,-5,-5,440409,9639074
923,0,0,-5,-5,-5,-5,-5,-5,440409,9651074
924,0,0,-5,-5,-5,-5,-5,-5,440409,9645074
925,0,1,-5,-5,1,-5,-5,1,538409,9855074
926,0,1,-5,-5,1,-5,-5,1,538409,9849074
927,0,1,-5,-5,0,-5,-5,0,538409,9861074
928,0,1,-5,-5,0,-5,-5,0,538409,9843074
929,0,1,-5,-5,1,-5,-5,1,531409,9855074
930,0,1,-5,-5,1,-5,-5,1,531409,9849074
931,0,0,-5,-5,-5,-5,-5,-5,531409,9867074
932,0,1,-5,-5,1,-5,-5,1,531409,9861074
933,0,0,-5,-5,-5,-5,-5,-5,524409,9873074
934,0,1,-5,-5,0,-5,-5,0,524409,9855074
935,0,1,-5,-5,1,-5,-5,1,524409,9849074
936,0,0,-5,-5,-5,-5,-5,-5,524409,9867074
937,0,1,-5,-5,1,-5,-5,1,524409,9861074
938,0,0,-5,-5,-5,-5,-5,-5,559409,9855074
939,0,1,-5,-5,1,-5,-5,1,559409,9849074
940,0,1,-5,-5,1,-5,-5,1,559409,9831074
941,0,1,-5,-5,1,-5,-5,1,559409,9825074
942,0,1,-5,-5,1,-5,-5,1,559409,9843074
943,0,1,-5,-5,0,-5,-5,0,559409,9837074
944,0,1,-5,-5,0,-5,-5,0,552409,9831074
945,0,1,-5,-5,0,-5,-5,0,552409,9843074
946,0,1,-5,-5,1,-5,-5,1,552409,9837074
947,0,1,-5,-5,0,-5,-5,0,552409,9855074
948,0,1,-5,-5,1,-5,-5,1,552409,9849074
949,0,1,-5,-5,1,-5,-5,1,545409,9855074
950,0,1,-5,-5,1,-5,-5,1,545409,9849074
951,0,0,-5,-5,-5,-5,-5,-5,545409,9861074
952,0,1,-5,-5,1,-5,-5,1,545409,9843074
953,0,1,-5,-5,1,-5,-5,1,545409,9837074
954,0,1,-5,-5,1,-5,-5,1,517409,9855074
955,0,1,-5,-5,1,-5,-5,1,517409,9867074
956,0,0,-5,-5,-5,-5,-5,-5,517409,9861074
957,0,1,-5,-5,0,-5,-5,0,517409,9873074
958,0,1,-5,-5,1,-5,-5,1,510409,9855074
959,0,1,-5,-5,0,-5,-5,0,615409,9801074
960,0,1,-5,-5,1,-5,-5,1,615409,9783074
961,0,1,-5,-5,1,-5,-5,1,615409,9777074
962,0,1,-5,-5,1,-5,-5,1,615409,9795074
963,0,1,-5,-5,1,-5,-5,1,615409,9789074
964,0,1,-5,-5,1,-5,-5,1,615409,9759074
965,0,1,-5,-5,1,-5,-5,1,615409,9753074
966,0,1,-5,-5,1,-5,-5,1,615409,9771074
967,0,1,-5,-5,1,-5,-5,1,615409,9765074
968,0,1,-5,-5,1,-5,-5,1,615409,9747074
969,0,1,-5,-5,1,-5,-5,1,615409,9741074
970,0,1,-5,-5,1,-5,-5,1,608409,9747074
971,0,1,-5,-5,1,-5,-5,1,608409,9807074
972,0,1,-5,-5,1,-5,-5,1,608409,9801074
973,0,1,-5,-5,1,-5,-5,1,608409,9783074
974,0,1,-5,-5,0,-5,-5,0,608409,9777074
975,0,1,-5,-5,1,-5,-5,1,608409,9795074
976,0,1,-5,-5,1,-5,-5,1,608409,9789074
977,0,1,-5,-5,1,-5,-5,1,608409,9759074
978,0,1,-5,-5,1,-5,-5,1,608409,9753074
979,0,1,-5,-5,1,-5,-5,1,608409,9771074
980,0,1,-5,-5,1,-5,-5,1,608409,9765074
981,0,1,-5,-5,1,-5,-5,1,601409,9759074
982,0,1,-5,-5,1,-5,-5,1,601409,9753074
983,0,1,-5,-5,1,-5,-5,1,601409,9771074
984,0,1,-5,-5,1,-5,-5,1,601409,9765074
985,0,1,-5,-5,1,-5,-5,1,601409,9807074
986,0,1,-5,-5,1,-5,-5,1,601409,9801074
987,0,1,-5,-5,0,-5,-5,0,601409,9813074
988,0,1,-5,-5,1,-5,-5,1,601409,9783074
989,0,1,-5,-5,1,-5,-5,1,601409,9777074
990,0,1,-5,-5,1,-5,-5,1,601409,9795074
991,0,1,-5,-5,1,-5,-5,1,601409,9789074
992,1,1,-5,0,1,-5,0,1,636409,9747074
993,1,1,-5,1,0,-5,1,0,636409,9741074
994,1,1,-5,0,1,-5,0,1,636409,9759074
995,1,1,-5,1,1,-5,1,1,636409,9753074
996,0,1,-5,-5,1,-5,-5,1,636409,9771074
997,0,1,-5,-5,1,-5,-5,1,636409,9765074
998,0,1,-5,-5,1,-5,-5,1,629409,9759074
999,0,1,-5,-5,1,-5,-5,1,629409,9753074
1000,0,1,-5,-5,1,-5,-5,1,629409,9771074
1001,0,1,-5,-5,1,-5,-5,1,629409,9765074
1002,1,0,-5,1,-5,-5,1,-5,629409,9735074
1003,0,1,-5,-5,1,-5,-5,1,629409,9747074
1004,1,1,-5,0,1,-5,0,1,629409,9741074
1005,0,1,-5,-5,1,-5,-5,1,629409,9777074
1006,0,1,-5,-5,1,-5,-5,1,622409,9783074
1007,0,1,-5,-5,1,-5,-5,1,622409,9777074
1008,0,1,-5,-5,1,-5,-5,1,622409,9759074
1009,0,1,-5,-5,0,-5,-5,0,622409,9753074
1010,0,1,-5,-5,1,-5,-5,1,622409,9771074
1011,0,1,-5,-5,1,-5,-5,1,622409,9765074
1012,1,1,-5,1,1,-5,1,1,622409,9735074
1013,0,1,-5,-5,1,-5,-5,1,622409,9747074
1014,0,1,-5,-5,1,-5,-5,1,622409,9741074
1015,0,1,-5,-5,1,-5,-5,1,573409,9831074
1016,0,1,-5,-5,1,-5,-5,1,573409,9825074
1017,0,0,-5,-5,-5,-5,-5,-5,573409,9843074
1018,0,1,-5,-5,1,-5,-5,1,573409,9837074
1019,0,1,-5,-5,1,-5,-5,1,573409,9807074
1020,0,1,-5,-5,1,-5,-5,1,573409,9801074
1021,0,1,-5,-5,1,-5,-5,1,573409,9819074
1022,0,1,-5,-5,1,-5,-5,1,573409,9813074
1023,0,1,-5,-5,1,-5,-5,1,573409,9795074
1024,0,1,-5,-5,0,-5,-5,0,566409,9849074
1025,0,1,-5,-5,1,-5,-5,1,566409,9831074
1026,0,1,-5,-5,1,-5,-5,1,566409,9825074
1027,0,1,-5,-5,0,-5,-5,0,566409,9843074
1028,0,1,-5,-5,1,-5,-5,1,566409,9837074
1029,0,1,-5,-5,0,-5,-5,0,566409,9807074
1030,0,1,-5,-5,0,-5,-5,0,566409,9819074
1031,0,1,-5,-5,1,-5,-5,1,566409,9813074
1032,0,1,-5,-5,0,-5,-5,0,559409,9819074
1033,0,1,-5,-5,1,-5,-5,1,594409,9783074
1034,0,1,-5,-5,0,-5,-5,0,594409,9777074
1035,0,1,-5,-5,1,-5,-5,1,594409,9795074
1036,0,1,-5,-5,1,-5,-5,1,594409,9789074
1037,0,1,-5,-5,1,-5,-5,1,594409,9759074
1038,0,1,-5,-5,0,-5,-5,0,594409,9771074
1039,0,1,-5,-5,0,-5,-5,0,594409,9765074
1040,0,1,-5,-5,1,-5,-5,1,594409,9807074
1041,0,1,-5,-5,1,-5,-5,1,594409,9801074
1042,0,1,-5,-5,1,-5,-5,1,594409,9819074
1043,0,1,-5,-5,1,-5,-5,1,594409,9813074
1044,0,1,-5,-5,1,-5,-5,1,587409,9807074
1045,0,1,-5,-5,1,-5,-5,1,587409,9801074
1046,0,1,-5,-5,0,-5,-5,0,587409,9819074
1047,0,1,-5,-5,1,-5,-5,1,587409,9813074
1048,1,1,-5,1,1,-5,1,1,587409,9783074
1049,0,1,-5,-5,0,-5,-5,0,587409,9777074
1050,0,1,-5,-5,1,-5,-5,1,587409,9795074
1051,0,1,-5,-5,1,-5,-5,1,587409,9789074
1052,0,1,-5,-5,1,-5,-5,1,587409,9825074
1053,0,1,-5,-5,0,-5,-5,0,580409,9831074
1054,0,1,-5,-5,1,-5,-5,1,580409,9825074
1055,0,1,-5,-5,0,-5,-5,0,580409,9837074
1056,0,1,-5,-5,0,-5,-5,0,580409,9807074
1057,0,1,-5,-5,1,-5,-5,1,580409,9801074
1058,0,1,-5,-5,1,-5,-5,1,580409,9819074
1059,0,1,-5,-5,1,-5,-5,1,580409,9813074
1060,0,1,-5,-5,0,-5,-5,0,580409,9795074
1061,0,1,-5,-5,1,-5,-5,1,580409,9789074
1062,0,1,-5,-5,1,-5,-5,1,650409,9759074
1063,1,1,-5,1,1,-5,1,1,650409,9753074
1064,1,0,-5,1,-5,-5,1,-5,650409,9747074
1065,0,1,-5,-5,1,-5,-5,1,643409,9759074
1066,0,1,-5,-5,1,-5,-5,1,643409,9753074
1067,0,1,-5,-5,1,-5,-5,1,643409,9765074
1068,1,1,-5,0,1,-5,0,1,643409,9747074
1069,1,0,-5,1,-5,-5,1,-5,643409,9741074
